{"newspapers": {"cnn": {"link": "http://edition.cnn.com/", "articles": [{"title": "How to Watch VR", "text": "IN YOUR HEADSET...\n\nHeadsets are hands-down the best way to watch VR stories. You can see the latest from CNNVR on the Samsung VR app , the Oculus Video app on Rift , or on the CNNVR app on Google Daydream . Just look left or right to explore the 360 world around you. Believe us, you need to try this.", "link": "http://edition.cnn.com/2017/03/04/vr/how-to-watch-vr", "published": "2017-03-04T00:00:00"}, {"title": "This entire Chinese village is a shrine to Xi Jinping", "text": "Liangjiahe, China (CNN) It's the kind of artwork you'd expect to see celebrating Mao Zedong, Vladimir Lenin or Kim Il Sung.\n\nBut this isn't Communist propaganda that harks back to Cold War days. The simple mural of Xi Jinping painted on the side of a dusty wall in this small village is a modern-day shrine to China's new \"president for life.\"\n\nA propaganda poster featuring Xi Jinping as a.", "link": "http://edition.cnn.com/2018/03/19/asia/china-xi-jinping-village-intl/index.html", "published": "2018-03-19T00:00:00"}, {"title": "Xi Jinping is making sweeping changes to how China's government is run", "text": "(CNN) China's government is about to be massively restructured to fit President Xi Jinping's agenda.\n\nFrom a powerful new financial regulator to a super ministry to deal with the environment, wide-reaching changes to the way China is governed were passed by the National People's Congress, the country's rubber-stamp parliament, on Saturday.\n\nExperts said the sweeping reforms were some of the largest since the end of the Mao Zedong era in the 1970s.\n\n\"Clearly Xi is shoring up his power, but I would suggest what China also wants to do more than anything else is define a mode of government which is not liberal and at the same time ... is predictable, reliable, which is safe for businesses to invest in,\" Rana Mitter, director of the University China Center at Oxford, told CNN.\n\nIt comes just a week after the term limits on the Chinese presidency were removed by the National People's Congress as part of a power grab by Xi which effectively allows him govern for life if he chooses. He was confirmed for a second, five-year term in office on Saturday.\n\nAccording to state media, under the new plan the number of ministerial-level bodies will be reduced by eight to make the government \"better-structured (and) more efficient.\"\n\nHowever, Mitter said the entire Chinese power structure has effectively been reshaped around Xi's priorities, including cracking down on corruption, shoring up the economy and environmental protection.\n\nHere are five of the most significant changes and what they mean for China.\n\nChina is planning to formalize the rules for its new anti-corruption agency , the National Supervisory Commission or NSC.\n\nIt's the latest stage of Xi's ruthless campaign against corruption in China, which forced out multiple high-level party leaders and sent thousands of other officials to jail.\n\nThe new commission has long been teased in official media and its powers are expected to extend outside the Communist Party and the military to the rest of the government.\n\nWhat does it mean?\n\nIn a December report examining the framework of the new commission, Amnesty International said it was concerned the body's \"far-reaching powers\" could significantly infringe on Chinese citizens' human rights.\n\nJiangnan Zhu, associate professor at the University of Hong Kong's politics department, said the new commission would have agencies at national, provincial, prefectural and county levels, giving it countrywide reach.\n\n\"It will be the highest state organ of supervision ... It will help solidify the Chinese Communist Party's hold of the Chinese government and discipline a wider array of people who engage in public sectors,\" she said.\n\nChina is creating an environmental protection super ministry to tackle the growing problem of pollution in its fast-growing economy, the government announced Tuesday.\n\nAir pollution killed more than 1.1 million people in China in 2015, the most in the world, according to a study published by the US-based Health Effects Institute.\n\nReplacing the Ministry for Environmental Protection, the Ministry of Ecological Environment will set China's future environmental policies as well as ensuring they are properly enforced.\n\nNew evidence from a University of Chicago study found China was making progress in its \"war on pollution,\" improving air quality by as much as 42% in parts of the country.\n\nWhat does it mean?\n\nPollution control was one of \"three battles\" identified by Xi in 2017 as a focus for his second term as China's President, the other two being defusing financial risks and eradicating poverty.\n\nMa Jun, one of China's best known environmentalists, told CNN the new ministry would help to strengthen pollution controls and build a \"beautiful China.\"\n\n\"Taking water pollution as an example, the original duties of groundwater, watershed management and agricultural pollution control fall under various ministries and commissions ... resulting in responsibility overlaps and buck-passing,\" he said.\n\n\"After the integration of these responsibilities, the long-term situation of the 'Nine dragons governing the water collectively' will end,\" he said, using a Chinese saying.\n\nWith the reorganization, China's government will also take concrete steps to address the second of Xi's three battles -- growing concerns around financial risk and bad debt endangering the Chinese economy.\n\nAccording to party mouthpiece People's Daily, the changes are designed to supervise China's growing financial industries to avoid \"financial risks\" and protect consumer rights.\n\nWhat does it mean?\n\nThe Chinese government and Xi himself have placed a huge emphasis on shoring up the country's economy to avoid collapse or recession.\n\nJUST WATCHED China's NPC focuses on economic growth Replay More Videos ... MUST WATCH China's NPC focuses on economic growth 01:42\n\nShi Dalong, researcher with Suning Financial Services, said in a report the past supervision of Chinese banks and financial services hadn't been smooth.\n\nBut there could be a risks going forward as the new commission and Xi ally Liu He work to tighten regulations, Tan Kong Yam, Economics professor at Singapore's Nanyang Technological University, told CNN.\n\n\"(In the past) there have been periods where they tighten credit and it lead to slower growth, so they had to relax somewhat. It's a very fine balance between disciplining the system ... and overliberalizing it,\" he said.\n\nTan said there were also likely to be complaints from state-owned enterprises and banks as they found it increasingly difficult to get easy credit and loans to expand.\n\nA new international development cooperation agency will be set up to help coordinate China's aid across the world, according to state broadcaster Xinhua.\n\nIt will report directly to the State Council, China's cabinet headed by Premier Li Keqiang. The aim is to enhance China's international credentials as a \"major country,\" according to state media.\n\nWhat does it mean?\n\nChina has an increasingly ambitious foreign policy, including its huge Belt and Road trade and investment program, and is shaking up its foreign ministry as US global influence wanes under President Donald Trump.\n\nBob Carr, former Australian foreign minister and director of the Australia-China Relations Institute, told CNN previously Beijing had provided aid in a \"heavy-handed manner.\"\n\n\"I think they will shift to a profile in overseas development that will resemble that of OECD countries,\" he said.\n\n\"They've been studying it for some time and I think (the new agency) means aid will be more directly related to the social and economic needs of the state. Fewer big political or vanity projects and fewer examples of a Chinese-built road to a Chinese port to a Chinese mine.\"\n\nIt was the agency that implemented China's infamous one-child policy with an iron fist from its creation in 1981 until government control was relaxed in 2015.\n\nNow the Chinese government has announced the Family Planning Commission will be dismantled as the administration moves away from population control.\n\nWhat does it mean?\n\nChina's birth rate dropped in 2017, down 630,000 compared to the previous year, despite the government announcing two years ago Chinese couples were officially allowed to have a second child.\n\nThe removal of the Family Planning Commission was both \"important and symbolic,\" Yi Fuxian, scientist at the University of Wisconsin-Madison and author of \"A Big Country in an Empty Nest\" told CNN.\n\n\"With the enforcer of family planning population policy retiring from the historical stage, China has completed a u-turn in the national population policy,\" he said.\n\n\"I believe it's the end of an old era and start of a new era for population policy -- respect for life, protection of human rights, regard population as wealth rather than waste, and treat people as human beings rather than trash.\"", "link": "http://edition.cnn.com/2018/03/16/asia/chinese-government-changes-intl/index.html", "published": "2018-03-16T00:00:00"}, {"title": "Socialism with Chinese characteristics? Beijing's propaganda explained", "text": "(CNN) Few political groups in the world have mastered the art of obfuscating phrases and confusing doublespeak as successfully as the Chinese Communist Party (CPC).\n\nFrom \"socialism with Chinese characteristics\" to the \"One Belt One Road\" plan, through to the recently announced \"new principal contradiction,\" China's powerful ruling party regularly uses opaque terms which mean little to casual observers.\n\nThis month, China holds its annual \"two sessions\" in Beijing to endorse the policies of the increasingly dictatorial Chinese President Xi Jinping\n\n\"Two sessions\" itself is Beijing jargon -- it stands for the back-to-back meetings of the National People's Congress, the country's rubber-stamp legislature, and the Chinese People's Political Consultative Conference -- an advisory body.\n\nDuring the meetings, there will be no shortage of Communist Party language on display. Here are some of the most common terms you can expect to hear, and what they mean.\n\nSocialism With Chinese Characteristics\n\nFollowing the death in 1976 of Mao Zedong, the founder of the People's Republic, his powerful successor Deng Xiaoping moved to open up the country's economy. But how could an anti-capitalist political party built on Marxism-Leninism embrace elements of a free market?\n\nThe answer turned out to be inventing \"socialism with Chinese characteristics.\"\n\nEssentially, it means state-sponsored capitalism.\n\n\"(The phrase) explains how it can be that China is headed by a Communist Party yet has abandoned some of the main things typically associated with Marxism, such as working toward a future in which wealth is fairly evenly distributed,\" said Jeffrey Wasserstrom, professor of history at University of California, Irvine.\n\n\"It can mean many things, such as a situation in which there is room for private enterprise, yet the state still plays an active role in managing the economy and state-run enterprises matter a lot.\"\n\nXi Jinping Thought (On Socialism with Chinese Characteristics For a New Era)\n\nSince October, when the Communist Party held its five-yearly congress, banners and signs across Beijing hailed the newly announced Xi Jinping Thought On Socialism with Chinese Characteristics for a New Era.\n\nOfficials have been told to study it, perhaps at one of the 10 research institutes that have been set up to interpret it, newspaper editorials lauded it and on Sunday it will be formally added to China's constitution. So what is it?\n\n\"It's probably a world view, rather than very carefully worked through ideological pointers,\" Rana Mitter, director of the University China Center at Oxford University, told CNN.\n\nA motorcyclist rides past a propaganda poster showing China's President Xi Jinping next to a freeway outside of Tongren, Qinghai province on March 2, 2018.\n\n\"The centrality of the CPC itself as a driving force for Chinese domestic politics and life, and most distinctly, the assertion of a much more active China in the wider world.\"\n\nIt is also a way to burnish Xi's political brand as he continues to accumulate power and set himself up to be China's leader for a long time yet, experts said.\n\n\"The main part of this to focus on is just that it involves elevating a creed with the leader's name in it to sacred status, something that hasn't been done with a living leader since Mao's time,\" Wasserstrom said.\n\nThe Chinese Dream\n\nBefore Xi Jinping Thought, there was the \"Chinese Dream.\"\n\nIt was Xi's original idea to brand the policies of his new government, after he took power in 2012, and was plastered across Chinese cities.\n\n\"Xi defines the Chinese Dream as 'the dream of the rejuvenation of the Chinese nation',\" Minglu Chen, senior lecturer at the University of Sydney, said.\n\n\"According to Xi's report to the 19th Party Congress in 2017, the Chinese Dream is a very inclusive idea that has social, economic, political, military and foreign relations aspects.\"\n\nJUST WATCHED Trump: China's Xi is president for life Replay More Videos ... MUST WATCH Trump: China's Xi is president for life 01:12\n\nIt has obvious comparisons to the idea of the American Dream, in which any citizens of the United States can be anything they want if only they work for it.\n\nThe idea of the \"Chinese Dream\" has been left intentionally broad to encompass many different things, Mitter said, adding he'd heard it defined as both a prosperous economy and a more assertive China in the Asia region.\n\nBut Chen added there was another dimension to Xi's dream in 2012 which is all the more relevant with every passing day.\n\n\"The Chinese Dream has become a new source of the CPC's legitimacy, as 'the Chinese Dream will be an empty dream without the CPC's leadership',\" she said.\n\nThe Core of the Party\n\nIn October 2016, Xi Jinping was named \"the core of the Chinese Communist Party,\" a moment which revealed his power inside the country was growing.\n\nHe was already China's President and, more importantly, the General Secretary of the CPC, but in the Chinese government having a traditional title alone doesn't indicate how powerful you are.\n\nBeing \"the core\" elevates a Party Secretary above his peers, demonstrating his grip on power and his intent to use it as he sees fit.\n\n\"(The term) denotes that a single leader is the main one to focus on, as opposed to just the first among equals in a rule by committee situation,\" Wasserstrom said.\n\nFormer CPC leaders Mao, Deng and once-General Secretary Jiang Zemin were all labeled \"the core\" during their times in power, but tellingly Xi's immediate predecessor, Hu Jintao, was not.\n\n\"Hu Jintao was the first among equals and (his government practiced) clear collective decision making. Xi Jinping is no longer the first among equals,\" Zhang Baohui, professor of political science at Hong Kong's Lingnan University, told CNN in 2016.\n\nBelt and Road\n\nOverall, it is a huge, ambitious trade and infrastructure scheme by the Chinese government to link 68 countries and up to 40% of the world's GDP in an enormous trade route.\n\nA signature policy of Xi, it is a modern take on the Silk Road trade route from Europe to China. The Belt is a land connection spanning Asia and Europe and the Road is a wide network of maritime trading routes, from Fuzhou to Venice.\n\nBut what it will look like in practice, who pays for each stage of the trade route and which countries are involved is less clear. One expert described it to CNN in 2017 as more of a \"philosophy\" or \"party line\" than an actual policy.\n\nJUST WATCHED China's Belt and Road plan Replay More Videos ... MUST WATCH China's Belt and Road plan 01:29\n\n\"This is a catch-all pretending to be something specific,\" Wasserstrom said.\n\nIt doesn't even have a settled upon name or abbreviation -- examples have included One Belt One Road, the Belt and Road Initiative and the unfortunately acronym-ed Belt and Road Forum (BARF), used when a summit on the initiative was held last May.\n\nWhatever its name, some argue the policy is just a huge expansion of China's power across the world, allowing it to push their bid to replace the United States as the primary international superpower.\n\nPrincipal contradiction\n\nEach \"principal contradiction\" is the main problem facing Chinese society, which must be identified and solved to avoid the society crumbling.\n\nAccording to state-run Xinhua news agency, the Party has always identified a principal contradiction that its policies and initiatives are aimed at solving (in theory).\n\n\"Soon after 1949, it was 'the people versus imperialism, feudalism and the remnants of Kuomintang forces' which evolved into 'proletariat versus bourgeoisie,' a mentality which led to prolonged social turmoil across the country,\" an editorial published after the 19th Party Congress said.\n\nPorcelain cups featuring portraits of Chinese President Xi Jinping, right, and former Chinese leader Mao Zedong stand on display at a store window in Beijing, China, on February 26.\n\nOnce he took power, Deng announced the Party's principal contradiction in 1981 would move away from class warfare and towards \"material and cultural needs\" of the country.\n\nIn 2017, Xi has changed it once again, a \"new principal contradiction\", this time to place less emphasis on endless growth and more on quality growth.\n\n\"Now with China being the second largest economy in the world and a global power, the most pressing issue to be solved has become 'the people's ever-increasing demand for a better life' and 'unbalanced and inadequate development',\" Chen said.\n\nViolating Party discipline\n\nWhenever a Chinese official, no matter how high-ranking, is removed from power, you'll almost always hear they have \"violated party discipline.\"\n\nBut what does it mean? Basically, in most cases it refers to corruption, Mitter said.\n\n\"In some cases it also has to do with following particular lines. If you think back to (former senior politician) Bo Xilai, he was clearly charged with corruption, but part of the problem was trying to carve out his own distinct political path,\" he said.\n\nThere's a very specific reason why the Communist Party uses the term \"violated party discipline,\" rather than just naming the actual charges.\n\n\"The party still takes very seriously the idea it is the vanguard institution of society, the party is supposed to be above the corrupt behavior of society,\" Mitter said.\n\n\"Seeing high officials actually involved in corruption is seen as something which could degrade the way in which the whole governance of the party is regarded by the people.\"", "link": "http://edition.cnn.com/2018/03/10/asia/china-npc-communist-party-phrases-intl/index.html", "published": "2018-03-10T00:00:00"}]}, "bbc": {"rss": "http://feeds.bbci.co.uk/news/rss.xml", "link": "http://www.bbc.com/", "articles": [{"link": "http://www.bbc.co.uk/news/world-europe-43452449", "published": "2018-03-19T04:53:43", "title": "Russia election: Vladimir Putin wins by big margin", "text": "Media playback is unsupported on your device Media caption How the Russian election unfolded\n\nVladimir Putin will lead Russia for another six years, after securing an expected victory in Sunday's presidential election.\n\nMr Putin, who has ruled the country as either president or prime minister since 1999, got more than 76% of the vote, official results show.\n\nThe main opposition leader, Alexei Navalny, was barred from the race.\n\nAddressing a rally in Moscow, Mr Putin said voters had \"recognised the achievements of the last few years\".\n\nSpeaking to reporters after the results were announced, he laughed off a question about running again in another six years.\n\n\"What you are saying is a bit funny. Do you think that I will stay here until I'm 100 years old? No!\" he said.\n\nThe scale of victory - which had been widely predicted - appears to be a marked increase in his share of the vote from 2012, when he won 64%.\n\nMr Putin's nearest competitor, millionaire communist Pavel Grudinin, received about 12%.\n\nThe race also included Ksenia Sobchak, a former reality TV host, and veteran nationalist Vladimir Zhirinovsky - they got less than 2% and about 6% respectively.\n\nMr Putin's campaign team said it was an \"incredible victory\".\n\n\"The percentage that we have just seen speaks for itself. It's a mandate which Putin needs for future decisions, and he has a lot of them to make,\" a spokesman told Russia's Interfax.\n\nIn some areas, free food and discounts in local shops were on offer near polling stations.\n\nSkip Twitter post by @Kasparov63 Every free world leader who congratulates Putin on his \"election\" is complicit in his global war on democracy. They undermine their own status as freely elected leaders. \u2014 Garry Kasparov (@Kasparov63) March 18, 2018 Report\n\nVideo recordings from polling stations showed irregularities in a number of towns and cities across Russia. Several showed election officials stuffing boxes with ballot papers.\n\nMr Navalny was excluded from the election because of an embezzlement conviction that he said was manufactured by the Kremlin.\n\nIn his first reaction to the news, Mr Navalny indicated he had been unable to contain his anger.\n\n\"Now is the season of Lent. I took it upon myself never to get angry and not to raise my voice. Oh well, I'll try again next year,\" he tweeted.\n\nDuring polling day, independent election monitoring group Golos reported hundreds of irregularities, including:\n\nVoting papers found in some ballot boxes before polls opened\n\nObservers were barred from entering some polling stations\n\nSome people were bussed in amid suspicion of forced voting\n\nWebcams at polling stations were obstructed by balloons and other obstacles\n\nVideos taken from the election commission's live stream of polling stations also appeared to show some instances of officials stuffing ballots into boxes.\n\nIn Dagestan, one election official said he was prevented from doing his job by a crowd of men who blocked the ballot box.\n\nBut Ella Pamfilova, head of the Central Electoral Commission, said there were no serious violations.\n\nImage copyright AFP Image caption Turnout was reported to be 67% - higher than in the last vote\n\n\"We have analysed and monitored everything we could, everything that has arrived. Thank goodness, it's all rather modest so far,\" she told a commission meeting while speaking about violations.\n\nShe had earlier said that anyone involved in violations would be caught.\n\nSunday's vote was also the first in Crimea since Russia seized the region from Ukraine. Mr Putin's victory rally coincided with the anniversary of the annexation.\n\nThe annexation was bitterly contested by Kiev and ratcheted up tensions between Russia and the West. Russians living in Ukraine were unable to take part in Sunday's vote because access to Russian diplomatic missions was blocked by the Kiev government."}, {"link": "http://www.bbc.co.uk/news/uk-43453292", "published": "2018-03-19T06:00:50", "title": "Briton Anna Campbell killed fighting with Kurdish YPJ unit", "text": "A British woman volunteer with the all-female Kurdish armed unit the YPJ has been killed in Syria, her father has told the BBC.\n\nIt is understood Anna Campbell, 26, from Lewes in East Sussex, died on 15 March in Afrin, which has been under bombardment by Turkish forces.\n\nDirk Campbell said his daughter was \"very idealistic\" and \"determined\".\n\nTurkey has been fighting Kurdish groups on Syrian territory close to its border since January.\n\nMs Campbell, who was a qualified plumber in the UK, travelled to Syria in May 2017 to help the Kurds, who were battling the Islamic State group.\n\nHer father said: \"She wanted to create a better world and she would do everything in her power to do that.\"\n\nHe added: \"I told her of course that she was putting her life in danger, which she knew full well she was doing.\n\n\"I feel I should have done more to persuade her to come back, but she was completely adamant.\"\n\nBritish police have repeatedly warned against travelling to Syria, and have advised that becoming involved with any armed group could lead to arrest and prosecution.\n\nStood out\n\nThe BBC understands Ms Campbell had originally been involved in the fighting with the YPJ in Deir ez-Zor, where IS have continued to hold the last of their territory.\n\nBut in January, Turkish forces began a major offensive against the Kurds along the northern Syrian border.\n\nMany Kurdish fighters left the fight against IS to defend Afrin and some British volunteers are known to have joined them.\n\nMr Campbell told the BBC he understands his daughter's Kurdish comrades tried to stop her.\n\nImage caption Ms Campbell dyed her hair black before moving on to Afrin\n\n\"With fair hair and blue eyes they knew she would stand out, but she dyed her hair black and persuaded them to let her go,\" he said.\n\nHe added: \"I contacted my MP Maria Caulfield as soon as I knew she was in danger from the Turkish bombardment.\n\n\"I emailed my MP and said my daughter is in danger, you have to get on to the Foreign Office and get them to put pressure on Turkey to stop.\"\n\nTurkey sees the YPJ and associated YPG as an extension of the banned Kurdistan Workers' Party (PKK), a link that the Kurds deny.\n\nImage copyright Getty Images Image caption Turkish forces stepped up their offensive in Afrin in January\n\nYPJ commander in Syria, Nesrin Abdullah, said Ms Campbell had \"insisted\" on leaving for Afrin, adding: \"Although we tried to keep her far from the frontlines, the attacks from the Turkish state were very heavy.\"\n\nEighth British death\n\nFriends of Ms Campbell in Syria told the BBC she was killed by Turkish airstrikes, describing her as a feminist with \"sincerity and courage\" who wanted to fight for women's liberation in the Middle East.\n\nShe is the first British woman to have died in Syria with the YPG or YPJ, but the eighth citizen to have been killed while assisting the groups.\n\nMr Campbell said he was \"in pieces\", having only heard about the death on Sunday.\n\nHe said his daughter had been involved in human rights activism in the UK and it was the Kurdish aim of creating a democratic society in the wake of IS that inspired her to join them.\n\n\"When she heard about the political experiment in Rojava [the Kurdish area of northern Syria] this seemed to her to be the way the world should be\"\n\n\"The social organisation at all levels, the equality. She wanted to help protect that.\""}, {"link": "http://www.bbc.co.uk/news/uk-43453525", "published": "2018-03-18T23:10:24", "title": "Ant McPartlin held over drink-driving after collision", "text": "Image copyright Getty Images\n\nTV presenter Ant McPartlin has been arrested on suspicion of drink-driving after a collision involving three vehicles in south-west London.\n\nThe Metropolitan Police said officers were called to Lower Richmond Road in Mortlake at 15:59 GMT on Sunday.\n\nThe ambulance service and London Fire Brigade also attended and a number of people were treated for minor injuries.\n\nPolice said a 42-year-old man was arrested at the scene after failing a roadside breathalyser test.\n\nHe has been taken to a south London police station for questioning.\n\nA child passenger in one of the cars was taken to hospital for a check up as a precaution, the Met added.\n\nAnt McPartlin co-hosts several ITV shows with Declan Donnelly, including Britain's Got Talent, I'm A Celebrity and Ant and Dec's Saturday Night Takeaway."}, {"link": "http://www.bbc.co.uk/news/uk-43453833", "published": "2018-03-19T05:34:51", "title": "Russian spy: International team to test Salisbury poison", "text": "Image copyright EPA/ Yulia Skripal/Facebook Image caption Sergei Skripal, 66, and his daughter Yulia, 33, are in a critical condition in hospital\n\nInternational experts are due in the UK to assess the type of nerve agent used to poison ex-spy Sergei Skripal and his daughter in Salisbury.\n\nA team from the Organisation for the Prohibition of Chemical Weapons (OPCW) will visit the military research base at Porton Down in Wiltshire.\n\nExperts at the site say the agent is of a type first developed by the Russians.\n\nPresident Putin said the idea of state involvement - before Sunday's election and the World Cup - was \"unimaginable\".\n\nSpeaking after winning a fourth term as leader, he insisted Russia had destroyed all of its chemical weapons, adding it was \"nonsense\" to implicate his government in the attack on 4 March.\n\nForeign Secretary Boris Johnson had earlier accused Moscow of stockpiling the agent used in the attack.\n\nMr Johnson is travelling to Brussels to seek further support for Britain's stance, from both the European Union and Nato.\n\nThe delegation from the Netherlands-based OPCW, which polices the prohibition of chemical weapons, will also meet senior detectives.\n\nThey have been invited by the UK to independently verify the nerve agent used and will take at least two weeks to produce results.\n\nVentilation system theory\n\nSergei Skripal, 66 and Yulia Skripal, 33, remain critically ill in hospital. They were found slumped on a bench near a shopping centre in the centre of Salisbury, having visited a pub and a restaurant.\n\nImage copyright Getty Images Image caption The experts from the OPCW will visit Porton Down\n\nThe Metropolitan Police are treating the attack as attempted murder.\n\nThey have renewed their appeal for sightings of Mr Skripal's burgundy BMW 320D saloon car, registration HD09 WAO, in Salisbury on the morning of 4 March.\n\nAccording to sources cited in a report on ABC News in the US, Mr Skripal and his daughter may have been exposed to the nerve agent through the vehicle's ventilation system.\n\nPolice say they have recovered 762 exhibits and are trawling through about 4,000 hours of CCTV footage.\n\nOfficers said they were \"making good progress in what is a painstaking investigation that is likely to be ongoing for weeks, if not months\".\n\nNext steps\n\nPrime Minister Theresa May told MPs last week that the substance used in the attack had been identified as belonging to a group of military-grade nerve agents known as Novichok, developed by the Soviet Union.\n\nSpeaking on the BBC's Andrew Marr Show, Boris Johnson said: \"We actually have evidence within the last 10 years that Russia has not only been investigating the delivery of nerve agents for the purposes of assassination, but has also been creating and stockpiling Novichok.\"\n\nImage copyright Getty Images Image caption Police say their investigation will take \"weeks, if not months\"\n\nOn Saturday, the Russian foreign ministry said UK staff would be expelled from Moscow within a week, in response to Britain's decision to expel 23 Russian diplomats.\n\nIt also said it would close the British Council in Russia, which promotes cultural ties between the nations, and the British Consulate in St Petersburg.\n\nThe prime minister has said the UK government would consider its next steps \"in the coming days, alongside our allies and partners\".\n\nMeanwhile, the shadow attorney general Shami Chakrabarti reiterated Labour's position that the incident was either a \"loss of control\" by the Russian state or a \"malevolent directed attack\".\n\nJohn McDonnell, the shadow chancellor, said Labour had given a \"constructive critique\" in response to the incident which others \"had misread\".\n\nHe told ITV's Peston on Sunday: \"We support exactly what the prime minister said and we condemn Russia for this, condemn them.\""}]}, "theguardian": {"rss": "https://www.theguardian.com/uk/rss", "link": "https://www.theguardian.com/international", "articles": [{"link": "https://www.theguardian.com/world/2018/mar/18/vladimir-putin-wins-russian-election-with-more-than-70-of-vote-exit-poll", "published": "2018-03-18T21:31:38", "title": "Vladimir Putin secures landslide victory in Russian election", "text": "President takes more than 75% of vote according to partial results, extending Putin\u2019s time in office to nearly a quarter of a century\n\nVladimir Putin cruised to victory in Sunday\u2019s presidential elections in a result that was never in question. His fourth term as president will extend until 2024, making him the first Kremlin leader to serve two decades in power since Josef Stalin.\n\nWith results still coming in, Putin looked set to exceed expectations by clinching more than 75% of the vote.\n\nPutin 4.0: as Russian president prepares for fourth term, what next? Read more\n\nTurnout, which was seen as a measure of the Kremlin\u2019s legitimacy in this uncompetitive campaign, was close to 60% as of 9pm GMT on Sunday evening after a long day of voting. The Kremlin had hoped to match the 65% who cast votes in 2012 and had initially sought 70% turnout.\n\n\u201cThank you for your support,\u201d Putin told crowds on Manezhnaya Square just under the Kremlin walls, wearing a black down jacket with a fur hood. \u201cEveryone who voted today is part of our big, national team.\u201d\n\nAsked by a journalist about whether he would consider future runs for president, he responded: \u201cWhat you\u2019re saying is just silly \u2026 what, am I going to sit here for 100 years?\u201d\n\nAsked about the poisoning of Sergei Skripal in Britain, he said Russia did not currently have chemical weapons and it would be \u201cnonsense\u201d to think Russia would launch such an attack in the lead up to an election. Putin said that if the substance used in the attack had really been a military nerve agent, then it would have killed anyone targeted on the spot.\n\nRussians had a choice of eight candidates, including the Communist Pavel Grudinin, whose title to a former state fruit farm has made him a millionaire, and Ksenia Sobchak, the daughter of Putin\u2019s political mentor, who presented a liberal programme.\n\nPutin\u2019s campaign chairman declared turnout to be high and needled London by suggesting that may be a rally-round-the-flag response by voters to the accusations over the Salisbury attack.\n\n\u201cRight now the turnout numbers are higher than we expected. We need to thank Great Britain for that because once again they did not consider the Russian mentality,\u201d said the campaign chairman. \u201cOnce again we were subject to pressure at just the moment when we needed to mobilise.\u201d\n\nRussian voters go to the polls \u2013 in pictures Read more\n\nTurnout was the main focus of the campaign in recent weeks, with the Kremlin launching a broad get-out-the-vote campaign, which included selfie contests and raffles of iPhones and even cars for voters. The opposition declared a boycott and sent observers across the country to monitor the voting process.\n\nMonitors organised by opposition leader Alexei Navalny and others complained of ballot stuffing and other methods of increasing turnout in Sunday\u2019s votes, but an official from Russia\u2019s elections committee said no serious violations had taken place.\n\n\n\n\n\n"}, {"link": "https://www.theguardian.com/world/2018/mar/19/briton-kurds-anna-campbell-dies-fighting-turkey-syria-afrin", "published": "2018-03-19T06:00:25", "title": "British woman killed fighting Turkish forces in Afrin", "text": "A British woman fighting alongside Kurdish forces in Afrin, northern Syria, has been killed, her Kurdish commanders have said.\n\nAnna Campbell, from Lewes, East Sussex, was volunteering with the US-backed Kurdish Women\u2019s Protection Units (YPJ) \u2013 the all-female affiliate army of the People\u2019s Protection Units (YPG) \u2013 in the besieged city of Afrin when the convoy she was travelling in was struck by a Turkish missile on 16 March.\n\nSources say the 26-year-old initially travelled to Syria to join the Kurdish struggle against Islamic State, but begged her Kurdish commanders to send her to the Afrin front after Turkey launched a ground and air offensive to oust Kurdish forces from its borderlands in January.\n\nTurkey claims Afrin city centre is under 'total' control Read more\n\n\u201cThey refused at first, but she was adamant, and even dyed her blonde hair black so as to appear less conspicuous as a westerner,\u201d a YPJ source told the Guardian.\n\n\u201cFinally they gave in and let her go.\u201d\n\nShe is not only the first British woman killed fighting alongside Kurdish forces in Syria, but also the first Briton to die there since Turkey launched its incursion into Kurdish-held territory on 20 January.\n\nIn a statement to the Guardian on Sunday, YPJ commander and spokesperson Nesrin Abdullah said: \u201c[Campbell\u2019s] martyrdom is a great loss to us because with her international soul, her revolutionary spirit, which demonstrated the power of women, she expressed her will in all her actions \u2026 On behalf of the Women\u2019s Defence Units YPJ, we express our deepest condolences to [her] family and we promise to follow the path she took up. We will represent her in the entirety of our struggles.\u201d\n\nHer father, Dirk Campbell, described her as a \u201cbeautiful and loving daughter\u201d who \u201cwould go to any lengths to create the world that she believed in\u201d.\n\n\u201cAnna was very idealistic, very serious, very wholehearted and wanted to create a better world. She wasn\u2019t fighting when she died, she was engaged in a defensive action against the Turkish incursion.\u201d\n\nFacebook Twitter Pinterest Anna Campbell, a British national who was killed alongside YPJ forces in Afrin. Photograph: Handout\n\nIn recent months Turkey has shifted its focus from fighting Isis in Syria to preventing the YPG from establishing a foothold along its border, arguing that the YPG is linked to its own insurgent group, the Kurdistan Workers\u2019 party (PKK). The US, EU and Britain, however, do not consider the YPG a terrorist group, which it has supported in its fight against Isis since 2014.\n\n\n\nDirk Campbell said his daughter had dedicated her life to the fight against \u201cunjust power and privilege\u201d.\n\nHe said she was a committed human rights and environmental campaigner who would \u201cput herself on the line for what she believed in\u201d.\n\n\u201cIt seems a small thing, but I remember when she was 11, she protected a bumblebee from being tormented by other kids at school,\u201d he recalled. \u201cShe did it with such strength of will that they ridiculed her. But she didn\u2019t care. She was absolutely single-minded when it came to what she believed in, and she believed what Turkey is doing is wrong.\u201d\n\nHe said his daughter\u2019s passion for campaigning was inspired by her mother, Adrienne, who was well-known on the south of England\u2019s activism scene and died of breast cancer five years ago. \u201cAnna was a credit to her mum, my wife, and was carrying on a lot of the kind of work that she was doing,\u201d he added.\n\nCampbell told her father of her plans to travel to northern Syria last May after she heard about the grassroots feminist and socialist revolution that has swept Rojava (the semi-autonomous Kurdish region of northern Syria and heartland of the YPG/J) and inspired the Kurds\u2019 fight against Isis.\n\nSyria\u2019s new exiles: Kurds flee Afrin after Turkish assault Read more\n\n\u201cI didn\u2019t try to stop her,\u201d Mr Campbell said. \u201cBecause I knew, once she had decided to do something, she was unstoppable. That\u2019s why she went to Rojava: to help build a world of equality and democracy where everyone has a right to representation. When she told me she was going I joked: \u2018It\u2019s been nice knowing you.\u2019 I just knew it might be the last time I\u2019d see her.\u201d\n\nUpon arrival in Rojava, Campbell completed the YPJ\u2019s mandatory month-long military training course, in which new recruits learn basic Kurdish, weaponry and battlefield tactics on top of a crash course in the egalitarian and feminist ideology of the YPG/J, and was assigned to an infantry division, comprising a mix of Kurdish and international fighters. There she was given the nom-de-guerre Hel\u00een Qerecox and sent to the front.\n\nYPJ sources said she spent her first months in the country fighting in Deir ez-Zor, Isis\u2019s last major stronghold and scene of the jihadist group\u2019s bitter last stand. But with Isis now on the brink of defeat, foreign fighters within Kurdish ranks have faced a choice: return home or remain in Syria to help the YPG repel Turkey\u2019s attack.\n\n\u201cAfter the initial attacks on Afrin, comrade Hel\u00een insisted on joining the operation to defend Afrin,\u201d said Abdullah. \u201cBefore leaving, she had already received her military training, and, although we wanted to protect her and did not agree with her decision \u2026 she incessantly insisted on her wish to leave for Afrin. She even gave us a condition: \u2018Either I will go home and abandon the life as a revolutionary or you send me to Afrin. But I would never leave the revolution, so I will go to Afrin\u2019.\u201d\n\nAnti-Isis fighters gather in Dorset for funeral of UK sniper Jac Holmes Read more\n\nShe added: \u201cFor us, as the YPJ, comrade Hel\u00een will always be a symbol as a pioneering internationalist woman. We will live up to her hope and beliefs. We will forever pursue her aim to struggle for women, for oppressed communities.\u201d\n\nMark Campbell, activist and co-chair of the Kurdistan Solidarity Campaign, added: \u201cAnna, by all accounts, was taken deep into the heart of the Kurdish people as she stood side by side with them in their darkest hour. Our thoughts and condolences are with Anna\u2019s family and friends as this time.\u201d\n\nCampbell is believed to be the eighth British citizen killed while serving with Kurdish forces in Syria."}, {"link": "https://www.theguardian.com/politics/2018/mar/18/revealed-how-increasingly-powerful-momentum-is-transforming-labour", "published": "2018-03-18T16:00:07", "title": "Revealed: how an increasingly powerful Momentum is transforming Labour", "text": "Guardian investigation reveals, two years after Jeremy Corbyn became Labour leader, that \u2018party within a party\u2019 has become a major force \u2022 The battle for Labour in Lewisham \u2022 Morecambe: resort town at heart of dissent within Momentum\n\nMomentum is a powerful and increasingly independent political force that is radically transforming the Labour party, with local groups challenging party orthodoxies, flouting national membership rules and fighting to get their activists selected, a Guardian investigation has revealed.\n\nA grassroots reporting project across four local parties demonstrates that Momentum, often described as a \u201cparty within a party\u201d, has rapidly become the most powerful force on the ground with Labour members frequently defining themselves as for or against it.\n\n\n\nSome groups are even prepared to defy the wishes of Jeremy Corbyn\u2019s office to support their chosen candidates in parliamentary selections, while a rule that bans non-Labour members from joining Momentum is frequently ignored in practice.\n\n\n\nIn Mansfield, Momentum and local party officers went against the Labour leadership to reject the Corbyn aide David Prescott in favour of the council leader, Sonya Ward. Ben Timberley, a trainer with Momentum, said: \u201cHaving a local candidate, not parachuting somebody in, every constituency needs that if they are going to win.\u201d\n\n\n\nIn Brighton and Hove, where party membership has tripled since 2015, Momentum\u2019s influential city-wide group hopes to secure at least a dozen seats on the Labour-run city council in the next elections in May 2019.\n\nGreg Hadfield, a Momentum organiser, who has been suspended by Labour, said: \u201cWe have a real chance of winning the first socialist majority on Brighton and Hove city council in the elections in May next year.\u201d\n\n\n\nMomentum says it has more than 36,000 members nationally and is signing up more than 200 people a week.\n\n\n\nBut there are also signs of a fightback in other places. Momentum-backed candidates have won only a third of 45 parliamentary selections so far, according to analysis by the Guardian, though the group says it has not backed a candidate in every race. In some local parties, centrist members are actively organising to check its power.\n\n\n\nIn Lewisham East, members have rallied behind the MP Heidi Alexander to limit Momentum\u2019s influence after a series of tumultuous meetings following her resignation from Corbyn\u2019s shadow cabinet in 2016. But the group is strong in neighbouring Lewisham Deptford, and figures banned from Labour, including Jill Mountford of the far-left Alliance for Workers\u2019 Liberty, who stood against Labour in 2010, are influential within its ranks.\n\n\n\nFormally, Momentum obliges all its members to also be Labour party members, under a rule change made last year in part to prevent it being infiltrated by far-left groups, but in practice the rule is not strictly applied. Mountford told the Guardian, \u201cin or out, it won\u2019t stop me organising Momentum, and going out and canvassing for Labour\u201d, while at a meeting she said councils should protest against government by setting \u201cillegal budgets\u201d.\n\n\n\nA meeting in Brighton last month also heard a personal statement from Tony Greenstein, who had only a few days earlier been expelled from Labour over allegations of anti-semitism, which he denies. A Momentum spokesperson said: \u201cTo join Momentum, you first have to be a member of the Labour party. If we receive a formal complaint about one of our 36,000 members, we will process it in accordance with Momentum\u2019s complaints policy, code of ethics and constitution.\u201d\n\n\n\nIn Morecambe, the Momentum-backed Erica Lewis lost a campaign to be Labour\u2019s prospective parliamentary candidate in a bitter selection battle that triggered an official complaint to the party. Local Labour figures urged the party to intervene after it emerged that Lewis was able to use Momentum membership lists to canvass before her rivals; she lost out amid the backlash.\n\n\n\nMomentum-backed candidates who have already been selected to contest seats include the vicar Steven Saxby, a vocal Corbyn supporter who took part in a vigil in Walthamstow against the Labour MP Stella Creasy during a House of Commons vote on the Syria bombing. He has been selected to fight Cities of London and Westminster.\n\nOthers who were successful include: Paul Farmer, a former bus driver, in Camborne, Redruth and Hayle, Labour\u2019s top target seat in the south-west; Greg Marshall in Broxtowe, the seat of pro-EU Tory MP Anna Soubry; and the music teacher Jackie Schneider in Wimbledon.\n\nCandidates selected over Momentum candidates include Sally Keeble, the former MP for Northampton North, who has been selected to fight the seat again; and Peter Lamb, selected for Crawley and the leader of its borough council.\n\nAnother is the Lancashire Labour council leader, Azhar Ali, who is the party\u2019s nomination for Pendle. He recently signed a letter to the Times criticising Labour NEC interference in Haringey council in London.\n\n\n\nNationally, Momentum is arguing that Labour\u2019s membership rules should be relaxed to end a ban on members of other political parties joining. As part of a Labour democracy review, Momentum has submitted that the rule be watered down to ban only people who are members of organisations \u201cclearly incompatible with Labour\u2019s\u201d, such as the Conservative party.\n\n\n\nWith a general election most likely several years away, the idea of deselections is not high on the agenda among local groups. Sources said that Labour\u2019s Hove MP, Peter Kyle, who has criticised Corbyn and supported alternative candidates in the 2015 and 2016 leadership races, could face a challenge from members wanting to have a full reselection.\n\n\n\nMomentum\u2019s submission to the national party also calls for the introduction of a form of mandatory reselection, where sitting MPs such as Kyle would have to demonstrate positive support from party members and affiliated organisations before being chosen again as a parliamentary candidate.\n\n"}, {"link": "https://www.theguardian.com/sport/2018/mar/19/navratilova-bbc-pays-mcenroe-10-times-more-for-wimbledon-role", "published": "2018-03-19T00:01:17", "title": "Navratilova: BBC pays McEnroe 10 times more for Wimbledon role", "text": "Tennis champion says fellow pundit John McEnroe earns at least \u00a3150,000, while she is paid \u00a315,000\n\nTennis champion Martina Navratilova has accused the BBC of valuing male voices more than female voices, after discovering that fellow Wimbledon pundit John McEnroe is paid at least 10 times more than her.\n\n\n\nNavratilova, who was crowned Wimbledon ladies\u2019 champion nine times, told Panorama she was paid about \u00a315,000 by the BBC for her commentator role at Wimbledon while McEnroe earned between \u00a3150,000 and \u00a3199,999.\n\nMcEnroe\u2019s pay packet was revealed in a list of the BBC\u2019s top-paid talent last summer.\n\nIn an interview for Panorama: Britain\u2019s Equal Pay Scandal, which airs on Monday, Navratilova said: \u201cIt was a shock because John McEnroe makes at least \u00a3150,000 ... I get about \u00a315,000 for Wimbledon and unless John McEnroe\u2019s doing a whole bunch of stuff outside of Wimbledon he\u2019s getting at least 10 times as much money.\u201d\n\nNavratilova said she was told she was getting paid a comparable amount to men doing the same job as her, adding: \u201cWe were not told the truth, that\u2019s for sure.\u201d\n\n\u201cIt\u2019s still the good old boys\u2019 network ... The bottom line is that male voices are valued more than women\u2019s voices,\u201d she said.\n\nShe added that that her agent would ask for more money in future.\n\nBBC Sport defended the discrepancy, saying McEnroe\u2019s role was of \u201ca different scale, scope and time commitment\u201d, to Navratilova, adding: \u201cThey are simply not comparable.\u201d\n\nA spokeswoman said: \u201cAlong with Sue Barker, John is regarded as the face of our Wimbledon coverage. He is a defining voice within the BBC\u2019s coverage. He is widely considered to be the best expert/commentator in the sport, highly valued by our audiences and his contract means he cannot work for another UK broadcaster without our permission. His pay reflects all of this \u2013 gender isn\u2019t a factor.\u201d\n\nPanorama said it estimated that McEnroe, who was crowned Wimbledon champion three times, appeared about 30 times for the BBC at Wimbledon last year, compared with Navratilova\u2019s 10 appearances.\n\nThe gender pay row at the BBC erupted last summer when it published a list of its top-earning, on-air stars, which revealed that just a third were women and the top seven were men. This led to more than 40 of its highest-profile female presenters, including Clare Balding, Fiona Bruce and Emily Maitlis, to publicly call for change through a letter to the director general, Tony Hall.\n\n\n\nThe furore prompted the BBC to review its pay structure, with the corporation finding that men were being paid 9.3% more than women at the broadcaster on average and that nearly 500 employees may be getting paid less than colleagues in a similar role simply because of their gender.\n\nMeanwhile, former China editor Carrie Gracie, who resigned from her role in protest at inequalities and now works for the BBC in London, told Panorama she could leave the corporation and former BBC news presenter Maxine Mawhinney said she was considering bringing a case against the broadcaster over pay.\n\nFran Unsworth, the BBC\u2019s director of news and current affairs, told Panorama: \u201cWe don\u2019t think we have acted illegally in regard to equal pay. That doesn\u2019t mean, however, there won\u2019t be instances and cases where there is inequality and we need to address those.\u201d"}]}, "breitbart": {"link": "http://www.breitbart.com/", "articles": [{"title": "Rep. Steve King on the Omnibus Spending Battle: \u2018Let\u2019s Fund the Whole Wall and Let\u2019s Build It All\u2019", "text": "Rep. Steve King (R-IA) told Breitbart News Sunday hosts Matthew Boyle and Amanda House that Congress should fund the wall in the ensuing omnibus spending battle, saying, \u201cLet\u2019s fund the whole wall and let\u2019s build it all.\u201d\n\nRep. King told Breitbart News Sunday about the incoming omnibus spending bill that Congress has to pass before this Friday.\n\nKing declared:\n\nWell, this method of governing is just so messy that it puts any member of Congress in a position where maybe you can pick one thing and then beat the drum to try to keep that from getting slipped in there. Or you can beat the drum and try to get it slipped in to get the funding. Of course, there\u2019s a list of things that I want to see: let\u2019s fund the wall, let\u2019s fund the whole wall, and let\u2019s build it all. I used to say let\u2019s build the wall until they stop going around the end.\n\nCongressman King also cautioned that Congress might not push to defund Planned Parenthood in the omnibus spending bill, but there is a push for the New York Gateway Bridge project that will benefit Senate Minority Leader Chuck Schumer (D-NY).\n\n\u201cI\u2019m most concerned about two things, great big things, shame on us if we cannot defund Planned Parenthood,\u201d King said.\n\nKing added, \u201cI don\u2019t want to see money go to Schumer. I don\u2019t want to see amnesty in the bill, Matt.\u201d\n\nRep. King also told Breitbart News Sunday that he wants to remove the 60-vote majority to pass legislation in the Senate.\n\nKing explained, \u201cI am ready to get rid of the filibuster. It was clear that it forces bipartisan most of the time, but we don\u2019t we have bipartisanship anymore. We have partisanship more than ever.\u201d\n\nThe Iowa Republican continued, \u201cWe should get rid of the filibuster and then we just ram stuff through. By the way, if we were to that level, we could get back to regular order much, much, easier.\u201d\n\nRep. King also called for Congress to defund sanctuary cities in the incoming spending bill.\n\n\u201cDefund Sanctuary cities and of course the state of California,\u201d King charged. \u201cI would shut down every dollar going into that state until they began to honor their obligation to the United States of America. They don\u2019t have the authority to be sanctuary cities and states.\u201d\n\nBreitbart News Sunday airs on SiriusXM Patriot 125 from 7 p.m. to 10 p.m. Eastern.", "link": "http://www.breitbart.com/radio/2018/03/18/rep-steve-king-omnibus-spending-battle-lets-fund-whole-wall-lets-build/", "published": "2018-03-18T00:00:00"}, {"title": "Rep. Steve King on the Omnibus Spending Battle: \u2018Let\u2019s Fund the Whole Wall and Let\u2019s Build It All\u2019", "text": "Rep. Steve King (R-IA) told Breitbart News Sunday hosts Matthew Boyle and Amanda House that Congress should fund the wall in the ensuing omnibus spending battle, saying, \u201cLet\u2019s fund the whole wall and let\u2019s build it all.\u201d\n\nRep. King told Breitbart News Sunday about the incoming omnibus spending bill that Congress has to pass before this Friday.\n\nKing declared:\n\nWell, this method of governing is just so messy that it puts any member of Congress in a position where maybe you can pick one thing and then beat the drum to try to keep that from getting slipped in there. Or you can beat the drum and try to get it slipped in to get the funding. Of course, there\u2019s a list of things that I want to see: let\u2019s fund the wall, let\u2019s fund the whole wall, and let\u2019s build it all. I used to say let\u2019s build the wall until they stop going around the end.\n\nCongressman King also cautioned that Congress might not push to defund Planned Parenthood in the omnibus spending bill, but there is a push for the New York Gateway Bridge project that will benefit Senate Minority Leader Chuck Schumer (D-NY).\n\n\u201cI\u2019m most concerned about two things, great big things, shame on us if we cannot defund Planned Parenthood,\u201d King said.\n\nKing added, \u201cI don\u2019t want to see money go to Schumer. I don\u2019t want to see amnesty in the bill, Matt.\u201d\n\nRep. King also told Breitbart News Sunday that he wants to remove the 60-vote majority to pass legislation in the Senate.\n\nKing explained, \u201cI am ready to get rid of the filibuster. It was clear that it forces bipartisan most of the time, but we don\u2019t we have bipartisanship anymore. We have partisanship more than ever.\u201d\n\nThe Iowa Republican continued, \u201cWe should get rid of the filibuster and then we just ram stuff through. By the way, if we were to that level, we could get back to regular order much, much, easier.\u201d\n\nRep. King also called for Congress to defund sanctuary cities in the incoming spending bill.\n\n\u201cDefund Sanctuary cities and of course the state of California,\u201d King charged. \u201cI would shut down every dollar going into that state until they began to honor their obligation to the United States of America. They don\u2019t have the authority to be sanctuary cities and states.\u201d\n\nBreitbart News Sunday airs on SiriusXM Patriot 125 from 7 p.m. to 10 p.m. Eastern.", "link": "http://www.breitbart.com/radio/2018/03/18/rep-steve-king-omnibus-spending-battle-lets-fund-whole-wall-lets-build/#disqus_thread", "published": "2018-03-18T00:00:00"}, {"title": "Ann Coulter: Trump\u2019s Border Wall Prototypes \u2018a Ridiculous Waste of Time\u2019", "text": "New York Times best-selling author and populist conservative columnist Ann Coulter says President Trump\u2019s border wall prototypes sitting in the San Diego, California, desert are \u201ca ridiculous waste of time.\u201d\n\nDuring an interview on KABC Los Angeles, Coulter mocked Trump\u2019s border wall prototypes after the president visited the structures last week, as Breitbart News reported. According to Coulter:\n\nThey\u2019re very good at stopping any illegal alien prototypes. \u2026 I don\u2019t know why we need prototypes, except that it\u2019s all just a fakeout and the whole thing about building a wall is just \u2018I\u2019m going to get four years saying I\u2019m going to build the wall and inspecting prototypes, but I\u2019ll never actually build the wall.\u2019 \u2026 No, it\u2019s a ridiculous waste of time. [Emphasis added]\n\nCoulter said the U.S. should model its illegal immigration policies on Israel\u2019s successful effort that has ended all illegal immigration into the country, as noted by Breitbart Israel Bureau Chief Aaron Klein. Coulter said:\n\nI\u2019ll take whatever Israel has because it\u2019s working 100 percent. \u2026 They have a huge problem with illegal aliens and they\u2019re fantastic. I mean, I have a whole chapter in \u2018Adios, America\u2019 about \u2018Why can\u2019t we have Israel\u2019s plan on immigration?\u2019 \u2026 They take illegal aliens and just fly them to other countries and drop them off in the desert.\n\nKlein noted at the beginning of 2018 how Trump\u2019s effort to stop illegal immigration pouring across the U.S.-Mexico border should be modeled off Israel in five simple points:\n\nBuild a wall at the border\n\nForcibly deport illegal aliens\n\nGive illegal aliens incentives to self-deport\n\nEnd all government funding for illegal aliens\n\nFine employers who hire illegal aliens\n\nAs Breitbart News previously reported, despite more than a year now into Trump\u2019s presidency, a border wall remains unconstructed along the southern border with no clear vision in sight of when the project will break ground.\n\nThe border wall prototypes in San Diego have been collecting dust in the desert for over half a year now, though some experts say none of the prototypes will ever be chosen and that the border wall will be mash-up of multiple elements from each prototype.\n\nIn the meantime, wage growth for American workers is at risk as illegal immigration is set to majorly increase this year.\n\nWage Growth for American Workers Threatened by Lack of Wall, Expected Rise in Illegal Immigrationhttps://t.co/4c0aYxs73j \u2014 John Binder \ud83d\udc7d (@JxhnBinder) March 16, 2018\n\nPrinceton Policy Adviser President Steven Kopits says illegal immigration in 2018 is likely to increase by 70 percent\u2014or about 590,000 border-crossings for 2018.\n\nSuch an increase, Kopits told the Washington Examiner, would put 2018 as the \u201csecond highest year since 2010\u201d for illegal immigration on the southern border.\n\nIn Kopits\u2019 most recent report on illegal immigration, he notes that California\u2019s farm wages for Americans have increased because of slower illegal immigration throughout 2017 and increased enforcement, with the caveat, \u201cHowever, the more enforcement succeeds, the higher wages will go, and the greater the incentive to evade the ban. In California, for example, tougher border enforcement has raised farm wages to $16 / hour, up perhaps $5 / hour over earlier times.\u201d\n\nThose wages gains, though, risk being depleted this year. Also running the risk of being depleted is history-making wage growth for American workers in the construction industry, the garment industry, for workers employed at small businesses, and black Americans.\n\nA whistleblower in the California construction business most recently revealed how mass immigration and illegal aliens contributed in driving down Americans\u2019 wages in the industry, Breitbart News reported:\n\nWHISTLEBLOWER: If I hired a framer to do a small addition [in 1988], his wage would have been $45 an hour. That was the minimum for a framing contractor, a good carpenter. [Emphasis added] \u2026 Now, the average wage in Los Angeles for construction workers is less than $11 an hour. They can\u2019t go lower than the minimum wage. [Emphasis added]\n\nEvery year the U.S. admits more than 1.5 million illegal and legal immigrants, consisting of mostly low-skilled foreign nationals who are only entering the country because they have foreign relatives already living in the U.S. In 2016, the illegal and legal immigrant population reached a record high of 44 million. By 2023, the Center for Immigration Studies estimates that the legal and illegal immigrant population of the U.S. will make up nearly 15 percent of the entire U.S. population.", "link": "http://www.breitbart.com/big-government/2018/03/18/coulter-trump-prototypes-wall-ridiculous/", "published": "2018-03-18T00:00:00"}, {"title": "Ann Coulter: Trump\u2019s Border Wall Prototypes \u2018a Ridiculous Waste of Time\u2019", "text": "New York Times best-selling author and populist conservative columnist Ann Coulter says President Trump\u2019s border wall prototypes sitting in the San Diego, California, desert are \u201ca ridiculous waste of time.\u201d\n\nDuring an interview on KABC Los Angeles, Coulter mocked Trump\u2019s border wall prototypes after the president visited the structures last week, as Breitbart News reported. According to Coulter:\n\nThey\u2019re very good at stopping any illegal alien prototypes. \u2026 I don\u2019t know why we need prototypes, except that it\u2019s all just a fakeout and the whole thing about building a wall is just \u2018I\u2019m going to get four years saying I\u2019m going to build the wall and inspecting prototypes, but I\u2019ll never actually build the wall.\u2019 \u2026 No, it\u2019s a ridiculous waste of time. [Emphasis added]\n\nCoulter said the U.S. should model its illegal immigration policies on Israel\u2019s successful effort that has ended all illegal immigration into the country, as noted by Breitbart Israel Bureau Chief Aaron Klein. Coulter said:\n\nI\u2019ll take whatever Israel has because it\u2019s working 100 percent. \u2026 They have a huge problem with illegal aliens and they\u2019re fantastic. I mean, I have a whole chapter in \u2018Adios, America\u2019 about \u2018Why can\u2019t we have Israel\u2019s plan on immigration?\u2019 \u2026 They take illegal aliens and just fly them to other countries and drop them off in the desert.\n\nKlein noted at the beginning of 2018 how Trump\u2019s effort to stop illegal immigration pouring across the U.S.-Mexico border should be modeled off Israel in five simple points:\n\nBuild a wall at the border\n\nForcibly deport illegal aliens\n\nGive illegal aliens incentives to self-deport\n\nEnd all government funding for illegal aliens\n\nFine employers who hire illegal aliens\n\nAs Breitbart News previously reported, despite more than a year now into Trump\u2019s presidency, a border wall remains unconstructed along the southern border with no clear vision in sight of when the project will break ground.\n\nThe border wall prototypes in San Diego have been collecting dust in the desert for over half a year now, though some experts say none of the prototypes will ever be chosen and that the border wall will be mash-up of multiple elements from each prototype.\n\nIn the meantime, wage growth for American workers is at risk as illegal immigration is set to majorly increase this year.\n\nWage Growth for American Workers Threatened by Lack of Wall, Expected Rise in Illegal Immigrationhttps://t.co/4c0aYxs73j \u2014 John Binder \ud83d\udc7d (@JxhnBinder) March 16, 2018\n\nPrinceton Policy Adviser President Steven Kopits says illegal immigration in 2018 is likely to increase by 70 percent\u2014or about 590,000 border-crossings for 2018.\n\nSuch an increase, Kopits told the Washington Examiner, would put 2018 as the \u201csecond highest year since 2010\u201d for illegal immigration on the southern border.\n\nIn Kopits\u2019 most recent report on illegal immigration, he notes that California\u2019s farm wages for Americans have increased because of slower illegal immigration throughout 2017 and increased enforcement, with the caveat, \u201cHowever, the more enforcement succeeds, the higher wages will go, and the greater the incentive to evade the ban. In California, for example, tougher border enforcement has raised farm wages to $16 / hour, up perhaps $5 / hour over earlier times.\u201d\n\nThose wages gains, though, risk being depleted this year. Also running the risk of being depleted is history-making wage growth for American workers in the construction industry, the garment industry, for workers employed at small businesses, and black Americans.\n\nA whistleblower in the California construction business most recently revealed how mass immigration and illegal aliens contributed in driving down Americans\u2019 wages in the industry, Breitbart News reported:\n\nWHISTLEBLOWER: If I hired a framer to do a small addition [in 1988], his wage would have been $45 an hour. That was the minimum for a framing contractor, a good carpenter. [Emphasis added] \u2026 Now, the average wage in Los Angeles for construction workers is less than $11 an hour. They can\u2019t go lower than the minimum wage. [Emphasis added]\n\nEvery year the U.S. admits more than 1.5 million illegal and legal immigrants, consisting of mostly low-skilled foreign nationals who are only entering the country because they have foreign relatives already living in the U.S. In 2016, the illegal and legal immigrant population reached a record high of 44 million. By 2023, the Center for Immigration Studies estimates that the legal and illegal immigrant population of the U.S. will make up nearly 15 percent of the entire U.S. population.", "link": "http://www.breitbart.com/big-government/2018/03/18/coulter-trump-prototypes-wall-ridiculous/#disqus_thread", "published": "2018-03-18T00:00:00"}]}, "infowars": {"link": "https://www.infowars.com/", "articles": [{"title": "Breaking! Two More Bombings Rock Austin, Tx", "text": "Two \u201cexplosion incidents\u201d were reported in Austin, Texas Sunday following three deadly package explosions earlier in the month.\n\nOwen Shroyer reports live from the scene.\n\nMillie Weaver is also live with on-site analysis.\n\nExclusive: Interview With Bomb Victim Neighbor", "link": "https://www.infowars.com/breaking-live-two-more-bombings-rock-austin-tx/", "published": "2018-03-18T22:50:49-05:00"}, {"title": "Breaking! Two More Bombings Rock Austin, Tx", "text": "Two \u201cexplosion incidents\u201d were reported in Austin, Texas Sunday following three deadly package explosions earlier in the month.\n\nOwen Shroyer reports live from the scene.\n\nMillie Weaver is also live with on-site analysis.\n\nExclusive: Interview With Bomb Victim Neighbor", "link": "https://www.infowars.com/breaking-live-two-more-bombings-rock-austin-tx/#disqus_thread", "published": "2018-03-18T22:50:49-05:00"}, {"title": "Democrats Panic As Indictments Of Comey, Clinton, and McCabe Loom", "text": "The Democrat establishment is panicking in Washington because their house of cards is tumbling down as DoJ indictments loom.", "link": "https://www.infowars.com/democrats-panic-as-indictments-of-comey-clinton-and-mccabe-loom/", "published": "2018-03-18T15:33:07-05:00"}]}, "foxnews": {"link": "http://www.foxnews.com/", "articles": [{"title": "Hillary Clinton tries to explain her comments on Trump voters after backlash", "text": "Former Democratic presidential nominee Hillary Clinton attempted to explain her comments about American voters and the 2016 election in a lengthy Facebook post Saturday that claimed she \"meant no disrespect to any individual or group.\"\n\nDuring a recent trip to India, Clinton told attendees at a conference in Mumbai that Americans did not \"deserve\" a Trump presidency, said she won the states \"that are optimistic, diverse, dynamic, moving forward,\" and said that Trump's campaign was \"looking backwards.\"\n\nClinton summed up Trump's message as \"you know, you didn't like black people getting rights, you don't like women, you know, getting jobs. You don't want, you know, to see that Indian American succeeding more than you are.\"\n\n\"I understand how some of what I said upset people and can be misinterpreted,\" Clinton said in her Facebook post. \"I meant no disrespect to any individual or group. And I want to look to the future as much as anybody.\"\n\nBut the former first lady criticized Trump for relying on \"scare tactics and false attacks [that masked] the fact that he is otherwise no friend to most Americans.\"\n\nClinton also stood by comments implying that white women who voted for Trump were subject to \"a sort of ongoing pressure to vote the way that your husband, your boss, your son, whoever, believes you should.\"\n\n\"[T]here is anecdotal evidence and some research to suggest that women are unfortunately more swayed by men than the other way around,\" Clinton insisted on Facebook. \"As much as I hate the possibility, and hate saying it, it\u2019s not that crazy when you think about our ongoing struggle to reach gender balance \u2013 even within the same household.\n\n\"I did not realize how hard it would hit many who heard it,\" Clinton added. \"So to those upset or offended by what I said last week, I hope this explanation helps to explain the point I was trying to make.\"\n\nClinton's original comments drew backlash from Democrats, among them Senate Minority Whip Dick Durbin of Illinois, who told \"Fox News Sunday\" that the former secretary of state's remarks were \"not helpful.\"\n\n\"Thirty percent of the people who voted for Donald Trump had voted for President Obama,\" Durbin pointed out. \"Why? The same people who looked for change with President Obama thought there wasn\u2019t enough as far as their personal lives were concerned and they supported Donald Trump.\n\n\"That is a reality that Democrats acknowledge.\"", "link": "http://www.foxnews.com/politics/2018/03/18/hillary-clinton-tries-to-explain-her-comments-on-trump-voters-after-backlash.html", "published": "2018-03-18T00:00:00"}, {"title": "Some officials wanted Stoneman Douglas suspect Nikolas Cruz committed in 2016, documents show", "text": "Some school counselors and officials were so concerned about the mental stability of Nikolas Cruz, accused in last month\u2019s Florida school massacre, that they decided to have him forcibly committed more than a year before the shooting.\n\nHowever, the recommendation was never acted upon.\n\nDocuments in the criminal case against Cruz showed that school officials at Marjory Stoneman Douglas High School and a sheriff's deputy recommended in September 2016 that Cruz be involuntarily committed for mental evaluation under Florida's Baker Act for at least three days, sources confirmed to Fox News on Sunday.\n\nThe documents, part of Cruz's criminal case in the shooting, showed that he had written the word \"kill\" in a notebook, told a classmate that he wanted to buy a gun and use it, and had cut his arm supposedly in anger because he had broken up with a girlfriend. He also told another student he had drunk gasoline and was throwing up. Calls had even been made to the FBI about the possibility of Cruz using a gun at school.\n\nThe documents, first revealed by The Associated Press, were provided by a psychological assessment service initiated by Cruz's mother called Henderson Behavioral Health. The documents showed a high school resource officer who was also a sheriff's deputy and two school counselors recommended in September 2016 that Cruz be committed for mental evaluation under Florida's Baker Act. That law allows for involuntary commitment for mental health examination for at least three days.\n\nSuch an involuntary commitment also would have been a high obstacle if not a complete barrier to legally obtaining a firearm, such as the AR-15 rifle used in the Stoneman Douglas massacre on Feb. 14, authorities said.\n\nNIKOLAS CRUZ HAD GORY, VIOLENT FANTASIES YEARS BEFORE FLORIDA SHOOTING, REPORT SAYS\n\nThere is no evidence Cruz was ever committed. Coincidentally, the school resource officer who recommended that Cruz be \"Baker Acted\" was Scot Peterson \u2014 the same Broward Sheriff's Office deputy who resigned amid accusations he failed to respond to the shooting by staying outside the building where the killings occurred.\n\nDavid S. Weinstein, a former federal prosecutor, said that an involuntary commitment would have been a huge red flag had Cruz attempted to buy a firearm legally.\n\n\"If he had lied, hopefully the verification of the form would have pulled up the commitment paperwork,\" Weinstein said.\n\nThe documents did not say why Cruz was not committed under the Baker Act or whether he may not have qualified for other reasons. The law allows a law enforcement officer such as Peterson to initiate commitment under the Baker Act.\n\nAn attorney for Peterson did not immediately respond to an email seeking comment Sunday.\n\nCruz, 19, was charged in a 34-count indictment with killing 17 people and wounding 17 others in the attack. He faces the death penalty if convicted, but his public defender Melisa McNeill has said he would plead guilty in return for a life prison sentence.\n\nIn the Henderson Behavioral Health documents, Cruz's mother Lynda was quoted as saying she had new concerns about her son's mental state after he punched holes in a wall at their home in Parkland. The clinicians at Henderson came to the home for interviews and said Cruz admitted punching the wall but said he did so because he was upset at a breakup with his girlfriend.\n\nNIKOLAS CRUZ REPORTED TO POLICE FOR THREATS, PUNCHING WALLS MONTHS BEFORE FLORIDA SHOOTING\n\nCruz also admitted cutting his arm with a pencil sharpener.\n\nAfter a Sept. 28, 2016 interview, the documents say Cruz \"reports that he cut his arms 3-4 weeks ago and states that this is the only time he has ever cut. (Cruz) states that he cut because he was lonely, states that he had broken up with his girlfriend and reports that his grades had fallen. (Cruz) states that he is better now, reports that he is no longer lonely and states that his grades have gone back up.\"\n\nHe also told the clinician he owned only a pellet gun and was not capable of doing \"serious harm\" to anyone.\n\nThe documents showed that Cruz was very much on the radar screen of mental health professionals and the Broward County school system, yet very little apparatently was done other than these evaluations.\n\nOther red flags also have surfaced, including calls to the FBI about Cruz's potential to become a school shooter and numerous visits by county law enforcement officials to his home - both before his mother died in November and after, when he lived briefly with a family friend in Palm Beach County.\n\nAgain, very little was done.\n\nIt's not clear from the documents who the recommendation was forwarded to or why it was not followed up.\n\nThe Associated Press contributed to this report.", "link": "http://www.foxnews.com/us/2018/03/18/some-officials-wanted-stoneman-douglas-suspect-nikolas-cruz-committed-in-2016-documents-show.html", "published": "2018-03-18T00:00:00"}, {"title": "Jim Carrey slammed for 'disgraceful,' garish portrait of Sarah Sanders", "text": "Jim Carrey faced swift backlash Sunday after the actor tweeted a painting that apparently showed White House Press Secretary Sarah Sanders in a terrifyingly garish light.\n\n\u201cThis is the portrait of a so-called Christian whose only purpose in life is to lie for the wicked. Monstrous!\u201d Carrey wrote in his tweet accompaning the portrait Saturday.\n\nThough Carrey didn\u2019t mention Sanders by name, many Twitter users knew right away who it was, The Wrap reported.\n\nBut not all on Twitter were amused.\n\n\u201cJames Woods, do you have a comment about Jim Carrey and the insulting portrait he has presented of Sarah Sanders?\u201d tonguepiercer wrote.\n\nJIM CARREY PAINTS IMAGE OF BLOODY SCHOOLGIRL ON AMERICAN FLAG IN RESPONSE TO SCHOOL SHOOTING\n\nMichael Gatza tweeted: \u201cWhat a disgraceful thing to do. Jim Carrey Paints Sarah Huckabee Sanders - It's Not a Pretty Picture.\u201d\n\nTwitter user Delaine Gordon B added: \u201cThis is just one more example of how Hollyweird empowers women! #JimCarrey is just doing his portion, right Jim? He's a has been!!\u201d\n\nLast month, Carrey tweeted the image of an original painting depicting a seemingly dead schoolgirl sprawled out on the American flag soaked in blood, following the school shooting in Parkland, Fla.\n\nThe \u201cAce Ventura\u201d star has been taking a break from films to devote more time to painting.\n\nHe told a magazine last year that creating political art isn\u2019t a new concept for him.", "link": "http://www.foxnews.com/entertainment/2018/03/18/jim-carrey-slammed-for-disgraceful-garish-portrait-sarah-sanders.html", "published": "2018-03-18T00:00:00"}]}, "nbcnews": {"link": "http://www.nbcnews.com/", "articles": []}, "washingtonpost": {"rss": "http://feeds.washingtonpost.com/rss/world", "link": "https://www.washingtonpost.com/", "articles": []}}}
